,threshold,precision,recall,f1
f1,0.00576507905498147,0.6700819672131147,0.8458980044345898,0.7477948382881411
precision,0.02407926134765148,0.7361419068736141,0.6134515890613451,0.6692199153396492
recall,5.2553703426383436e-05,0.35793650793650794,1.0,0.527177089421391
custom,0.41,,,
