,accuracy,f1_macro,balanced_accuracy,mcc
XGB_ROS_RS_NoDR_Opt,0.734361155413787,0.7006120219662576,0.7200756789419048,0.6189522598588455
